,Coeff Model 1 (Original Data),Coeff Model 2 (Synthetic GAN Data),Coeff Model 3 (Synthetic VAE Data),Difference Model 2 - Model 1,Difference Model 3 - Model 1
const,118.97207106257265,155.95481504696068,113.57162533587912,36.98274398438802,-5.400445726693533
age,0.017955003139524972,0.12211888713232487,0.2543523160579364,0.1041638839927999,0.23639731291841143
weight,0.507804575132308,0.12551469573728663,0.5591871247995491,-0.3822898793950214,0.051382549667241095
therapy,-20.07410556565217,-11.031626044677685,-17.225220123190724,9.042479520974487,2.848885442461448
stage_II,10.100539863913426,-9.173911669028788,-2.8964133711645985,-19.274451532942216,-12.996953235078024
stage_III,19.89619208960756,3.7310235104309286,5.0182878546708025,-16.16516857917663,-14.877904234936757
stage_IV,29.430394463769964,9.935723779441004,15.862984657888152,-19.49467068432896,-13.567409805881812
