,Coeff Model 1 (Original Data),Coeff Model 2 (Synthetic GAN Data),Coeff Model 3 (Synthetic VAE Data),Difference Model 2 - Model 1,Difference Model 3 - Model 1
const,118.97207106257275,155.95481504696053,113.5716253358792,36.98274398438778,-5.4004457266935475
age,0.017955003139531356,0.12211888713233023,0.25435231605793696,0.10416388399279887,0.2363973129184056
weight,0.5078045751323061,0.1255146957372814,0.5591871247995489,-0.38228987939502473,0.05138254966724276
therapy,-20.0741055656522,-11.031626044677697,-17.225220123190724,9.042479520974503,2.8488854424614765
stage_II,10.100539863913413,-9.173911669028843,-2.8964133711646016,-19.27445153294226,-12.996953235078015
stage_III,19.896192089607567,3.7310235104309006,5.018287854670743,-16.165168579176665,-14.877904234936825
stage_IV,29.43039446376994,9.935723779440986,15.862984657888102,-19.494670684328952,-13.567409805881837
