,Coeff Model 1 (Original Data),Coeff Model 2 (Synthetic GAN Data),Coeff Model 3 (Synthetic VAE Data),Difference Model 2 - Model 1,Difference Model 3 - Model 1
const,118.97207106257265,154.4087536600044,123.4477357303837,35.436682597431755,4.475664667811046
age,0.017955003139524972,-0.04078447593090419,0.15072428926077103,-0.05873947907042916,0.13276928612124606
weight,0.507804575132308,0.026035004172644136,0.4919897360957249,-0.4817695709596639,-0.01581483903658315
therapy,-20.07410556565217,-0.9514174658758963,-19.845714499041826,19.122688099776276,0.22839106661034592
stage_II,10.100539863913426,-0.04515217354227735,2.9948387947702555,-10.145692037455703,-7.10570106914317
stage_III,19.89619208960756,-0.6971991977235263,9.401689289175827,-20.593391287331087,-10.494502800431732
stage_IV,29.430394463769964,-1.5518404922297502,17.604505817841044,-30.982234955999715,-11.82588864592892
