,Coeff Model 1 (Original Data),Coeff Model 2 (Synthetic GAN Data),Coeff Model 3 (Synthetic VAE Data),Difference Model 2 - Model 1,Difference Model 3 - Model 1
const,118.97207106257265,163.42690478235573,130.8356467774666,44.45483371978308,11.86357571489394
age,0.017955003139524972,-0.06448763284967982,0.2762791172801141,-0.08244263598920479,0.25832411414058915
weight,0.507804575132308,0.1339650718386321,0.2600750760265524,-0.37383950329367593,-0.24772949910575565
therapy,-20.07410556565217,-24.49322378083833,-4.897200458802073,-4.41911821518616,15.176905106850098
stage_II,10.100539863913426,-1.6363346274110013,0.0,-11.736874491324427,-10.100539863913426
stage_III,19.89619208960756,4.651244470006174,0.0,-15.244947619601387,-19.89619208960756
stage_IV,29.430394463769964,11.826953871184784,5.587478121716408,-17.60344059258518,-23.842916342053556
